--3. Script for insertion of the records.


-- PLAYERS
INSERT INTO PLAYERS VALUES ('PepitoG', 'Pepito', 'Gómez', 'M', TO_DATE('2000-06-15', 'YYYY-MM-DD'), 'pepito.gomez@mail.com', 'contraseña123', 654321987, 1520);
INSERT INTO PLAYERS VALUES ('JuanitoF', 'Juanito', 'Fernández', 'M', TO_DATE('1998-12-05', 'YYYY-MM-DD'), 'juanito.fernandez@mail.com', 'claveSegura', 987654321, 1600);
INSERT INTO PLAYERS VALUES ('MariaL', 'María', 'López', 'F', TO_DATE('1995-03-21', 'YYYY-MM-DD'), 'maria.lopez@mail.com', 'chessFan', 123987654, 1400);
INSERT INTO PLAYERS VALUES ('CarlitosP', 'Carlitos', 'Pérez', 'M', TO_DATE('1999-09-09', 'YYYY-MM-DD'), 'carlitos.perez@mail.com', 'jugadorFeliz', 687321654, 1700);
INSERT INTO PLAYERS VALUES ('NinaR', 'Nina', 'Rodríguez', 'F', TO_DATE('2001-01-25', 'YYYY-MM-DD'), 'nina.rodriguez@mail.com', 'ajedrezPower', 321654987, 1550);
INSERT INTO PLAYERS VALUES ('LuisC', 'Luis', 'Cano', 'M', TO_DATE('1997-07-11', 'YYYY-MM-DD'), 'luis.cano@mail.com', 'movidaRápida', 654123987, 1480);
INSERT INTO PLAYERS VALUES ('SantiS', 'Santi', 'Sánchez', 'M', TO_DATE('2000-10-18', 'YYYY-MM-DD'), 'santi.sanchez@mail.com', 'caballoBravo', 321987654, 1500);
INSERT INTO PLAYERS VALUES ('JaviM', 'Javi', 'Martínez', 'M', TO_DATE('1996-04-22', 'YYYY-MM-DD'), 'javi.martinez@mail.com', 'jugadorExperto', 987456321, 1620);
INSERT INTO PLAYERS VALUES ('AnaT', 'Ana', 'Torres', 'F', TO_DATE('1994-11-30', 'YYYY-MM-DD'), 'ana.torres@mail.com', 'estrategiaTotal', 654789321, 1450);
INSERT INTO PLAYERS VALUES ('LucíaV', 'Lucía', 'Vega', 'F', TO_DATE('2002-08-16', 'YYYY-MM-DD'), 'lucia.vega@mail.com', 'reinaDelJuego', 987654123, 1700);


INSERT INTO PLAYERS VALUES ('DavidM', 'David', 'Martín', 'M', TO_DATE('1995-02-12', 'YYYY-MM-DD'), 'david.martin@mail.com', 'reyDeAjedrez', 123456789, 1600); 
INSERT INTO PLAYERS VALUES ('ElenaT', 'Elena', 'Téllez', 'F', TO_DATE('1998-07-22', 'YYYY-MM-DD'), 'elena.tellez@mail.com', 'estrategiaMaestra', 987123654, 1650); 
INSERT INTO PLAYERS VALUES ('FernandoG', 'Fernando', 'García', 'M', TO_DATE('2000-11-05', 'YYYY-MM-DD'), 'fernando.garcia@mail.com', 'juegoRápido', 159753456, 1550); 
INSERT INTO PLAYERS VALUES ('CarlaF', 'Carla', 'Fernández', 'F', TO_DATE('1997-04-18', 'YYYY-MM-DD'), 'carla.fernandez@mail.com', 'ajedrezCreativo', 753159486, 1420);
INSERT INTO PLAYERS VALUES ('RubenS', 'Rubén', 'Soto', 'M', TO_DATE('1996-09-30', 'YYYY-MM-DD'), 'ruben.soto@mail.com', 'estrategaDelRey', 258963147, 1580);


-- TITLES
INSERT INTO TITLES VALUES (1001, 'Great Master');
INSERT INTO TITLES VALUES (1002, 'International Master');
INSERT INTO TITLES VALUES (1003, 'FIDE Master');
INSERT INTO TITLES VALUES (1004, 'Chess Master');
INSERT INTO TITLES VALUES (1005, 'Amateur');
INSERT INTO TITLES VALUES (1006, 'New User');
INSERT INTO TITLES VALUES (1007, 'Expert');
INSERT INTO TITLES VALUES (1008, 'Winner');
INSERT INTO TITLES VALUES (1009, 'Queen');
INSERT INTO TITLES VALUES (1010, 'King');


-- PLAYER_HAS_TITLE
INSERT INTO PLAYER_HAS_TITLE VALUES (1001, 'PepitoG');
INSERT INTO PLAYER_HAS_TITLE VALUES (1002, 'JuanitoF');
INSERT INTO PLAYER_HAS_TITLE VALUES (1003, 'MariaL');
INSERT INTO PLAYER_HAS_TITLE VALUES (1004, 'CarlitosP');
INSERT INTO PLAYER_HAS_TITLE VALUES (1005, 'NinaR');
INSERT INTO PLAYER_HAS_TITLE VALUES (1006, 'LuisC');
INSERT INTO PLAYER_HAS_TITLE VALUES (1007, 'SantiS');
INSERT INTO PLAYER_HAS_TITLE VALUES (1008, 'JaviM');
INSERT INTO PLAYER_HAS_TITLE VALUES (1009, 'AnaT');
INSERT INTO PLAYER_HAS_TITLE VALUES (1010, 'LucíaV');
INSERT INTO PLAYER_HAS_TITLE VALUES (1001, 'DavidM');
INSERT INTO PLAYER_HAS_TITLE VALUES (1008, 'CarlaF');
INSERT INTO PLAYER_HAS_TITLE VALUES(1001, 'FernandoG');
INSERT INTO PLAYER_HAS_TITLE VALUES (1009, 'ElenaT');
INSERT INTO PLAYER_HAS_TITLE VALUES (1010, 'RubenS');


-- CLUBS
INSERT INTO CLUBS VALUES (1, 'Club 1', 'Cool club for elite players', 'PepitoG');
INSERT INTO CLUBS VALUES (2, 'Club 2', 'Great place for chess lovers', 'JuanitoF');
INSERT INTO CLUBS VALUES (3, 'Club 3', 'Defensive strategies club', 'MariaL');
INSERT INTO CLUBS VALUES (4, 'Club 4', 'Tactical chess lovers', 'CarlitosP');
INSERT INTO CLUBS VALUES (5, 'Club 5', 'Mixed champions club', 'NinaR');
INSERT INTO CLUBS VALUES (6, 'Club 6', 'Dynamic players club', 'LuisC');
INSERT INTO CLUBS VALUES (7, 'Club 7', 'Strategists of the board', 'SantiS');
INSERT INTO CLUBS VALUES (8, 'Club 8', 'Happy players enjoying chess', 'JaviM');
INSERT INTO CLUBS VALUES (9, 'Club 9', 'Aggressive players club', 'AnaT');
INSERT INTO CLUBS VALUES (10, 'Club 10', 'Queens of chess', 'LucíaV');


-- PLAYERS_IN_CLUB
INSERT INTO PLAYERS_IN_CLUB VALUES (1, 'PepitoG', NULL);
INSERT INTO PLAYERS_IN_CLUB VALUES (2, 'JuanitoF', TO_DATE('2023-05-20', 'YYYY-MM-DD'));
INSERT INTO PLAYERS_IN_CLUB VALUES (3, 'MariaL', NULL);
INSERT INTO PLAYERS_IN_CLUB VALUES (4, 'CarlitosP', TO_DATE('2022-10-15', 'YYYY-MM-DD'));
INSERT INTO PLAYERS_IN_CLUB VALUES (5, 'NinaR', NULL);
INSERT INTO PLAYERS_IN_CLUB VALUES (6, 'LuisC', NULL);
INSERT INTO PLAYERS_IN_CLUB VALUES (7, 'SantiS', TO_DATE('2021-12-05', 'YYYY-MM-DD'));
INSERT INTO PLAYERS_IN_CLUB VALUES (8, 'JaviM', NULL);
INSERT INTO PLAYERS_IN_CLUB VALUES (9, 'AnaT', NULL);
INSERT INTO PLAYERS_IN_CLUB VALUES (10, 'LucíaV', TO_DATE('2020-07-18', 'YYYY-MM-DD'));
INSERT INTO PLAYERS_IN_CLUB VALUES (1, 'DavidM', NULL);
INSERT INTO PLAYERS_IN_CLUB VALUES (1, 'ElenaT', NULL);
INSERT INTO PLAYERS_IN_CLUB VALUES (1, 'FernandoG', NULL);
INSERT INTO PLAYERS_IN_CLUB VALUES (1, 'CarlaF', NULL);
INSERT INTO PLAYERS_IN_CLUB VALUES (1, 'RubenS', NULL);


-- TOURNAMENTS
INSERT INTO TOURNAMENTS VALUES (4001, 'Torneo Nacional 2024', 'PepitoG', 1, 5, TO_DATE('2024-03-10', 'YYYY-MM-DD'), '5000 points', 'Teams', NULL);
INSERT INTO TOURNAMENTS VALUES (4002, 'Desafío del Rey', 'JuanitoF', 2, 3, TO_DATE('2023-11-15', 'YYYY-MM-DD'), '2000 points', 'Individual', NULL);
INSERT INTO TOURNAMENTS VALUES (4003, 'Duelos de Valencia', 'SantiS', 7, 4, TO_DATE('2022-06-05', 'YYYY-MM-DD'), '1000 points', 'Individual', NULL);
INSERT INTO TOURNAMENTS VALUES (4004, 'Open de Madrid', 'CarlitosP', 4, 5, TO_DATE('2024-01-20', 'YYYY-MM-DD'), '3000 points', 'Teams', NULL);
INSERT INTO TOURNAMENTS VALUES (4005, 'Clash del Peón', 'LuisC', 6, 3, TO_DATE('2022-12-12', 'YYYY-MM-DD'), '1500 points', 'Teams', NULL);
INSERT INTO TOURNAMENTS VALUES (4006, 'Copa Reina', 'NinaR', 5, 5, TO_DATE('2021-05-25', 'YYYY-MM-DD'), '2500 points', 'Individual', NULL);
INSERT INTO TOURNAMENTS VALUES (4007, 'Torneo Peones', 'AnaT', 9, 4, TO_DATE('2023-08-19', 'YYYY-MM-DD'), '1200 points', 'Teams', NULL);
INSERT INTO TOURNAMENTS VALUES (4008, 'Campeonato Internacional', 'JaviM', 8, 6, TO_DATE('2023-09-30', 'YYYY-MM-DD'), '6000 points', 'Teams', NULL);
INSERT INTO TOURNAMENTS VALUES (4009, 'Gran Torneo de Ajedrez', 'LucíaV', 10, 7, TO_DATE('2024-02-15', 'YYYY-MM-DD'), '8000 points', 'Individual', NULL);
INSERT INTO TOURNAMENTS VALUES (4010, 'Reto del Maestro', 'MariaL', 3, 4, TO_DATE('2024-05-10', 'YYYY-MM-DD'), '1000 points', 'Individual', NULL);


-- PLAYER_PLAY_TOURNAMENT
INSERT INTO PLAYER_PLAY_TOURNAMENT VALUES (8001, 4001, 'PepitoG', 1);
INSERT INTO PLAYER_PLAY_TOURNAMENT VALUES (8002, 4002, 'JuanitoF', NULL);
INSERT INTO PLAYER_PLAY_TOURNAMENT VALUES (8003, 4003, 'SantiS', NULL);
INSERT INTO PLAYER_PLAY_TOURNAMENT VALUES (8004, 4004, 'CarlitosP', 2);
INSERT INTO PLAYER_PLAY_TOURNAMENT VALUES (8005, 4005, 'LuisC', NULL);
INSERT INTO PLAYER_PLAY_TOURNAMENT VALUES (8006, 4006, 'NinaR', 3);
INSERT INTO PLAYER_PLAY_TOURNAMENT VALUES (8007, 4007, 'AnaT', NULL);
INSERT INTO PLAYER_PLAY_TOURNAMENT VALUES (8008, 4005, 'JaviM', 4);
INSERT INTO PLAYER_PLAY_TOURNAMENT VALUES (8009, 4005, 'LucíaV', NULL);
INSERT INTO PLAYER_PLAY_TOURNAMENT VALUES (8010, 4010, 'MariaL', NULL);
INSERT INTO PLAYER_PLAY_TOURNAMENT VALUES (8011, 4001, 'DavidM', NULL);
INSERT INTO PLAYER_PLAY_TOURNAMENT VALUES (8012, 4001, 'ElenaT', NULL);
INSERT INTO PLAYER_PLAY_TOURNAMENT VALUES (8013, 4001, 'FernandoG', NULL);
INSERT INTO PLAYER_PLAY_TOURNAMENT VALUES (8014, 4001, 'CarlaF', NULL);
INSERT INTO PLAYER_PLAY_TOURNAMENT VALUES (8015, 4001, 'RubenS', NULL);


-- TEAMS
INSERT INTO TEAMS VALUES ('T001', 4001, 'A strong team of players.', 1200);
INSERT INTO TEAMS VALUES ('T002', 4001, 'Strategic team with strong tactics.', NULL);
INSERT INTO TEAMS VALUES ('T003', 4007, 'The fastest team in the league.', 1250);
INSERT INTO TEAMS VALUES ('T004', 4007, 'Defensive strategies experts.', 1400);
INSERT INTO TEAMS VALUES ('T005', 4005, 'Creative thinkers and strategists.', 1350);
INSERT INTO TEAMS VALUES ('T006', 4004, 'A blend of experience and youth.', NULL);
INSERT INTO TEAMS VALUES ('T007', 4004, 'Champions of the last tournament.', 1500);
INSERT INTO TEAMS VALUES ('T008', 4007, 'The rising stars of chess.', 1600);
INSERT INTO TEAMS VALUES ('T009', 4008, 'Known for their adaptability.', 1550);
INSERT INTO TEAMS VALUES ('T010', 4005, 'Veterans of the chess scene.', 1650);


-- PLAYER_TEAM 
INSERT INTO PLAYER_TEAM VALUES ('T001', '8001');
INSERT INTO PLAYER_TEAM VALUES ('T002', '8002');
INSERT INTO PLAYER_TEAM VALUES ('T003', '8003');
INSERT INTO PLAYER_TEAM VALUES ('T004', '8004'); 
INSERT INTO PLAYER_TEAM VALUES ('T005', '8005');
INSERT INTO PLAYER_TEAM VALUES ('T006', '8006'); 
INSERT INTO PLAYER_TEAM VALUES ('T007', '8007'); 
INSERT INTO PLAYER_TEAM VALUES ('T010', '8008'); 
INSERT INTO PLAYER_TEAM VALUES ('T005', '8009');
INSERT INTO PLAYER_TEAM VALUES ('T010', '8010');


-- GAMES
INSERT INTO GAMES VALUES ( 'GAME001', 4001, 1, 8001, 8002, TO_DATE('2024-03-10 15:00:00', 'YYYY-MM-DD HH24:MI:SS'), 1);
INSERT INTO GAMES VALUES ( 'GAME002', 4002, 2, 8011, 8001, TO_DATE('2023-11-15 14:00:00', 'YYYY-MM-DD HH24:MI:SS'), 1); 
INSERT INTO GAMES VALUES ( 'GAME003', 4002, 1, 8011, 8010, TO_DATE('2022-06-05 16:00:00', 'YYYY-MM-DD HH24:MI:SS'), -1);
INSERT INTO GAMES VALUES ( 'GAME004', 4002, 1, 8011, 8013, TO_DATE('2024-01-20 10:30:00', 'YYYY-MM-DD HH24:MI:SS'), 1); 
INSERT INTO GAMES VALUES ( 'GAME005', 4005, 3, 8008, 8009, TO_DATE('2022-12-12 18:00:00', 'YYYY-MM-DD HH24:MI:SS'), 1);
INSERT INTO GAMES VALUES ( 'GAME006', 4004, 1, 8014, 8010, TO_DATE('2021-05-25 13:45:00', 'YYYY-MM-DD HH24:MI:SS'), -1);
INSERT INTO GAMES VALUES ( 'GAME007', 4001, 1, 8014, 8001, TO_DATE('2023-08-19 12:30:00', 'YYYY-MM-DD HH24:MI:SS'), 1);
INSERT INTO GAMES VALUES ( 'GAME008', 4007, 4, 8001, 8015, TO_DATE('2023-09-30 17:00:00', 'YYYY-MM-DD HH24:MI:SS'), 0); 
INSERT INTO GAMES VALUES ( 'GAME009', 4009, 1, 8001, 8014, TO_DATE('2024-02-15 19:00:00', 'YYYY-MM-DD HH24:MI:SS'), 1); 
INSERT INTO GAMES VALUES ( 'GAME010', 4001, 1, 8010, 8011, TO_DATE('2024-05-10 11:00:00', 'YYYY-MM-DD HH24:MI:SS'), -1); 


-- CHAT
INSERT INTO CHAT VALUES (3001, 'Torneo Nacional 2024 Chat', 4001);
INSERT INTO CHAT VALUES (3002, 'Desafío del Rey Chat', 4002);
INSERT INTO CHAT VALUES (3003, 'Duelos de Valencia Chat', 4003);
INSERT INTO CHAT VALUES (3004, 'Open de Madrid Chat', 4004);
INSERT INTO CHAT VALUES (3005, 'Clash del Peón Chat', 4005);
INSERT INTO CHAT VALUES (3006, 'Copa Reina Chat', 4006);
INSERT INTO CHAT VALUES (3007, 'Torneo Peones Chat', 4007);
INSERT INTO CHAT VALUES (3008, 'Campeonato Internacional Chat', 4008);
INSERT INTO CHAT VALUES (3009, 'Gran Torneo de Ajedrez Chat', 4009);
INSERT INTO CHAT VALUES (3010, 'Reto del Maestro Chat', 4010);


-- PLAYER_WRITE_CHAT 
INSERT INTO PLAYER_WRITE_CHAT VALUES (3001, 8001, TO_TIMESTAMP('2024-10-01 10:00:00', 'YYYY-MM-DD HH24:MI:SS.FF'), 'Good luck everyone!'); 
INSERT INTO PLAYER_WRITE_CHAT VALUES (3001, 8002, TO_TIMESTAMP('2024-10-01 10:05:00', 'YYYY-MM-DD HH24:MI:SS.FF'), 'I am excited for this tournament!');
INSERT INTO PLAYER_WRITE_CHAT VALUES (3002, 8003, TO_TIMESTAMP('2024-10-01 10:15:00', 'YYYY-MM-DD HH24:MI:SS.FF'), 'Let\'s show our best skills!'); 
INSERT INTO PLAYER_WRITE_CHAT VALUES (3002, 8004, TO_TIMESTAMP('2024-10-01 10:20:00', 'YYYY-MM-DD HH24:MI:SS.FF'), 'May the best player win!'); 
INSERT INTO PLAYER_WRITE_CHAT VALUES (3003, 8005, TO_TIMESTAMP('2024-10-01 10:30:00', 'YYYY-MM-DD HH24:MI:SS.FF'), 'Is everyone ready for the first match?'); 
INSERT INTO PLAYER_WRITE_CHAT VALUES (3003, 8006, TO_TIMESTAMP('2024-10-01 10:35:00', 'YYYY-MM-DD HH24:MI:SS.FF'), 'I hope to learn something new today.'); 
INSERT INTO PLAYER_WRITE_CHAT VALUES (3004, 8007, TO_TIMESTAMP('2024-10-01 10:45:00', 'YYYY-MM-DD HH24:MI:SS.FF'), 'Let\'s make this tournament memorable!'); 
INSERT INTO PLAYER_WRITE_CHAT VALUES (3004, 8008, TO_TIMESTAMP('2024-10-01 10:50:00', 'YYYY-MM-DD HH24:MI:SS.FF'), 'I have been practicing hard for this!'); 
INSERT INTO PLAYER_WRITE_CHAT VALUES (3005, 8009, TO_TIMESTAMP('2024-10-01 11:00:00', 'YYYY-MM-DD HH24:MI:SS.FF'), 'I am looking forward to the challenge.'); 
INSERT INTO PLAYER_WRITE_CHAT VALUES (3005, 8010, TO_TIMESTAMP('2024-10-01 11:05:00', 'YYYY-MM-DD HH24:MI:SS.FF'), 'Good vibes only for this tournament!'); 

-- LEAGUES
INSERT INTO LEAGUES VALUES (1, 'League of Champions', 1, TO_DATE('2024-01-10', 'YYYY-MM-DD'), TO_DATE('2024-06-10', 'YYYY-MM-DD'));
INSERT INTO LEAGUES VALUES (2, 'Winter Chess League', 2, TO_DATE('2024-02-01', 'YYYY-MM-DD'), TO_DATE('2024-05-01', 'YYYY-MM-DD'));
INSERT INTO LEAGUES VALUES (3, 'Spring Tactics League', 3, TO_DATE('2024-03-01', 'YYYY-MM-DD'), TO_DATE('2024-06-01', 'YYYY-MM-DD'));
INSERT INTO LEAGUES VALUES (4, 'Summer Chess Cup', 4, TO_DATE('2024-06-01', 'YYYY-MM-DD'), TO_DATE('2024-09-01', 'YYYY-MM-DD'));
INSERT INTO LEAGUES VALUES (5, 'Autumn Strategy League', 5, TO_DATE('2024-09-01', 'YYYY-MM-DD'), TO_DATE('2024-12-01', 'YYYY-MM-DD'));
INSERT INTO LEAGUES VALUES (6, 'International League', 6, TO_DATE('2024-01-15', 'YYYY-MM-DD'), TO_DATE('2024-06-15', 'YYYY-MM-DD'));
INSERT INTO LEAGUES VALUES (7, 'Elite Players League', 7, TO_DATE('2024-02-15', 'YYYY-MM-DD'), TO_DATE('2024-07-15', 'YYYY-MM-DD'));
INSERT INTO LEAGUES VALUES (8, 'Community Chess League', 8, TO_DATE('2024-03-15', 'YYYY-MM-DD'), TO_DATE('2024-08-15', 'YYYY-MM-DD'));
INSERT INTO LEAGUES VALUES (9, 'Team Championship League', 9, TO_DATE('2024-04-10', 'YYYY-MM-DD'), TO_DATE('2024-09-10', 'YYYY-MM-DD'));
INSERT INTO LEAGUES VALUES (10, 'Grandmasters League', 10, TO_DATE('2024-05-10', 'YYYY-MM-DD'), TO_DATE('2024-10-10', 'YYYY-MM-DD'));


-- PLAYER_PLAY_LEAGUE
INSERT INTO PLAYER_PLAY_LEAGUE VALUES (1, 'PepitoG', 1);
INSERT INTO PLAYER_PLAY_LEAGUE VALUES (1, 'JuanitoF', 2);
INSERT INTO PLAYER_PLAY_LEAGUE VALUES (1, 'MariaL', 3);
INSERT INTO PLAYER_PLAY_LEAGUE VALUES (2, 'CarlitosP', NULL);
INSERT INTO PLAYER_PLAY_LEAGUE VALUES (2, 'NinaR', NULL);
INSERT INTO PLAYER_PLAY_LEAGUE VALUES (3, 'LuisC', NULL);
INSERT INTO PLAYER_PLAY_LEAGUE VALUES (3, 'SantiS', NULL);
INSERT INTO PLAYER_PLAY_LEAGUE VALUES (4, 'JaviM', NULL);
INSERT INTO PLAYER_PLAY_LEAGUE VALUES (4, 'AnaT', NULL);
INSERT INTO PLAYER_PLAY_LEAGUE VALUES (5, 'LucíaV', NULL);



-- REWARD
INSERT INTO REWARD VALUES ('R001', 'Trophy', 'Awarded for exceptional performance in tournaments.', 500, '5', 1);
INSERT INTO REWARD VALUES ('R002', 'Gold Medal', 'For the champion of the league.', 300, '3', 2);
INSERT INTO REWARD VALUES ('R003', 'Silver Medal', 'For the second place in the tournament.', 200, '2', 3);
INSERT INTO REWARD VALUES ('R004', 'Bronze Medal', 'For the third place in the tournament.', 100, '1', 4);
INSERT INTO REWARD VALUES ('R005', 'Gift Card', 'Redeemable for chess-related merchandise.', 150, '4', 5);
INSERT INTO REWARD VALUES ('R006', 'Free Entry', 'For free participation in the next tournament.', 250, '5', 6);
INSERT INTO REWARD VALUES ('R007', 'Exclusive Merchandise', 'Unique club merchandise for top players.', 400, '6', 7);
INSERT INTO REWARD VALUES ('R008', 'Champions Jacket', 'Special jacket for tournament winners.', 600, '5', 8);
INSERT INTO REWARD VALUES ('R009', 'Membership Extension', 'Extend your club membership for free.', 350, '10', 9);
INSERT INTO REWARD VALUES ('R010', 'Training Session', 'One-on-one training with a master player.', 450, '8', 10);


-- PLAYER_REWARD
INSERT INTO PLAYER_REWARD VALUES ('R001', 'PepitoG', TO_TIMESTAMP('2024-01-15 10:30:00', 'YYYY-MM-DD HH24:MI:SS'));
INSERT INTO PLAYER_REWARD VALUES ('R002', 'JuanitoF', TO_TIMESTAMP('2024-02-20 14:45:00', 'YYYY-MM-DD HH24:MI:SS'));
INSERT INTO PLAYER_REWARD VALUES ('R003', 'MariaL', TO_TIMESTAMP('2024-03-10 09:15:00', 'YYYY-MM-DD HH24:MI:SS'));
INSERT INTO PLAYER_REWARD VALUES ('R004', 'CarlitosP', TO_TIMESTAMP('2024-04-25 11:00:00', 'YYYY-MM-DD HH24:MI:SS'));
INSERT INTO PLAYER_REWARD VALUES ('R005', 'NinaR', TO_TIMESTAMP('2024-05-30 13:30:00', 'YYYY-MM-DD HH24:MI:SS'));
INSERT INTO PLAYER_REWARD VALUES ('R006', 'LuisC', TO_TIMESTAMP('2024-06-15 16:00:00', 'YYYY-MM-DD HH24:MI:SS'));
INSERT INTO PLAYER_REWARD VALUES ('R007', 'SantiS', TO_TIMESTAMP('2024-07-04 18:45:00', 'YYYY-MM-DD HH24:MI:SS'));
INSERT INTO PLAYER_REWARD VALUES ('R008', 'JaviM', TO_TIMESTAMP('2024-08-10 12:00:00', 'YYYY-MM-DD HH24:MI:SS'));
INSERT INTO PLAYER_REWARD VALUES ('R009', 'AnaT', TO_TIMESTAMP('2024-09-18 17:30:00', 'YYYY-MM-DD HH24:MI:SS'));
INSERT INTO PLAYER_REWARD VALUES ('R010', 'LucíaV', TO_TIMESTAMP('2024-10-22 15:15:00', 'YYYY-MM-DD HH24:MI:SS'));

-- GIFT
INSERT INTO GIFT VALUES (1, 'Online Chess Course', 'Learn chess online', 5, 30, 'Online');
INSERT INTO GIFT VALUES (2, 'Virtual Chess Timer', 'Digital timer for online games', 3, 50, 'Online');
INSERT INTO GIFT VALUES (3, 'Premium Chess Software', 'Advanced chess training software', 4, 150, 'Online');
INSERT INTO GIFT VALUES (4, 'Online Tournament Entry', 'Entry to a prestigious tournament', 2, 1100, 'Online');
INSERT INTO GIFT VALUES (5, 'Chess Puzzle Subscription', 'Monthly chess puzzle subscription', 6, 50, 'Online');
INSERT INTO GIFT VALUES (6, 'E-Book: Chess Strategies', 'Digital book on advanced strategies', 8, 30, 'Online');
INSERT INTO GIFT VALUES (7, 'Chess Streaming', 'Access to chess streams and tutorials', 7, 1100, 'Online');
INSERT INTO GIFT VALUES (8, 'Online Coaching Session', 'Personal coaching session via video', 1, 150, 'Online');
INSERT INTO GIFT VALUES (9, 'Chess Analysis Software', 'Software for analyzing games', 5, 1100, 'Online');
INSERT INTO GIFT VALUES (10, 'Chess Club Membership', 'Membership to an online chess club', 2, 30, 'Online');
INSERT INTO GIFT VALUES (11, 'Chess Board Set', 'Beautiful wooden chess board', 2, 1100, 'Merchandising');
INSERT INTO GIFT VALUES (12, 'Chess Pieces', 'High-quality chess pieces', 3, 150, 'Merchandising');
INSERT INTO GIFT VALUES (13, 'Chess T-Shirt', 'Stylish chess-themed t-shirt', 8, 30, 'Merchandising');
INSERT INTO GIFT VALUES (14, 'Chess Mug', 'Ceramic mug with chess design', 5, 50, 'Merchandising');
INSERT INTO GIFT VALUES (15, 'Chess Clock', 'Digital chess clock', 4, 1100, 'Merchandising');
INSERT INTO GIFT VALUES (16, 'Chess Posters', 'Wall posters with famous chess games', 6, 30, 'Merchandising');
INSERT INTO GIFT VALUES (17, 'Chess Notation Book', 'Book for recording games', 9, 50, 'Merchandising');
INSERT INTO GIFT VALUES (18, 'Chess Keychain', 'Keychain shaped like a chess piece', 10, 30, 'Merchandising');
INSERT INTO GIFT VALUES (19, 'Chess Strategy Guide', 'Guide for chess tactics and strategies', 2, 150, 'Merchandising');
INSERT INTO GIFT VALUES (20, 'Chess Tote Bag', 'Reusable tote bag with chess theme', 1, 30, 'Merchandising');

-- PLAYEROBTAINGIFT
INSERT INTO PLAYEROBTAINGIFT VALUES (1, 'PepitoG', TO_DATE('2018-05-01', 'YYYY-MM-DD'), TO_TIMESTAMP('2024-05-01 10:00:00', 'YYYY-MM-DD HH24:MI:SS'));
INSERT INTO PLAYEROBTAINGIFT VALUES (12, 'PepitoG', TO_DATE('2024-05-02', 'YYYY-MM-DD'), TO_TIMESTAMP('2024-05-02 11:15:00', 'YYYY-MM-DD HH24:MI:SS'));
INSERT INTO PLAYEROBTAINGIFT VALUES (3, 'PepitoG', TO_DATE('2024-05-03', 'YYYY-MM-DD'), TO_TIMESTAMP('2024-05-03 09:30:00', 'YYYY-MM-DD HH24:MI:SS'));
INSERT INTO PLAYEROBTAINGIFT VALUES (14, 'CarlitosP', TO_DATE('2019-05-04', 'YYYY-MM-DD'), TO_TIMESTAMP('2024-05-04 14:45:00', 'YYYY-MM-DD HH24:MI:SS'));
INSERT INTO PLAYEROBTAINGIFT VALUES (5, 'CarlitosP', TO_DATE('2020-05-05', 'YYYY-MM-DD'), TO_TIMESTAMP('2024-05-05 16:20:00', 'YYYY-MM-DD HH24:MI:SS'));
INSERT INTO PLAYEROBTAINGIFT VALUES (16, 'CarlitosP', TO_DATE('2024-05-06', 'YYYY-MM-DD'), TO_TIMESTAMP('2024-05-06 12:10:00', 'YYYY-MM-DD HH24:MI:SS'));
INSERT INTO PLAYEROBTAINGIFT VALUES (7, 'SantiS', TO_DATE('2024-05-07', 'YYYY-MM-DD'), TO_TIMESTAMP('2024-05-07 15:35:00', 'YYYY-MM-DD HH24:MI:SS'));
INSERT INTO PLAYEROBTAINGIFT VALUES (18, 'SantiS', TO_DATE('2020-05-08', 'YYYY-MM-DD'), TO_TIMESTAMP('2024-05-08 18:00:00', 'YYYY-MM-DD HH24:MI:SS'));
INSERT INTO PLAYEROBTAINGIFT VALUES (9, 'AnaT', TO_DATE('2024-05-09', 'YYYY-MM-DD'), TO_TIMESTAMP('2024-05-09 13:25:00', 'YYYY-MM-DD HH24:MI:SS'));
INSERT INTO PLAYEROBTAINGIFT VALUES (20, 'AnaT', TO_DATE('2019-05-10', 'YYYY-MM-DD'), TO_TIMESTAMP('2024-05-10 17:50:00', 'YYYY-MM-DD HH24:MI:SS'));


-- MERCHANDISING
INSERT INTO MERCHANDISING VALUES (11, 10, 0.5);
INSERT INTO MERCHANDISING VALUES (12, 12, 0.3);
INSERT INTO MERCHANDISING VALUES (13, 14, 0.4);
INSERT INTO MERCHANDISING VALUES (14, 8, 0.6);
INSERT INTO MERCHANDISING VALUES (15, 10, 0.8);
INSERT INTO MERCHANDISING VALUES (16, 15, 0.2);
INSERT INTO MERCHANDISING VALUES (17, 9, 0.7);
INSERT INTO MERCHANDISING VALUES (18, 11, 0.3);
INSERT INTO MERCHANDISING VALUES (19, 13, 0.5);
INSERT INTO MERCHANDISING VALUES (20, 10, 0.9);


-- ONLINE
INSERT INTO "ONLINE" VALUES (1, 'https://www.example.com/gift1');
INSERT INTO "ONLINE" VALUES (2, 'https://www.example.com/gift2');
INSERT INTO "ONLINE" VALUES (3, 'https://www.example.com/gift3');
INSERT INTO "ONLINE" VALUES (4, 'https://www.example.com/gift4');
INSERT INTO "ONLINE" VALUES (5, 'https://www.example.com/gift5');
INSERT INTO "ONLINE" VALUES (6, 'https://www.example.com/gift6');
INSERT INTO "ONLINE" VALUES (7, 'https://www.example.com/gift7');
INSERT INTO "ONLINE" VALUES (8, 'https://www.example.com/gift8');
INSERT INTO "ONLINE" VALUES (9, 'https://www.example.com/gift9');
INSERT INTO "ONLINE" VALUES (10, 'https://www.example.com/gift10');